{
  "seq_len": 8192,
  "tau_values": [
    0.0,
    0.5,
    0.6,
    0.7,
    0.75,
    0.8,
    0.85,
    0.9,
    0.92,
    0.95,
    0.97,
    0.99
  ],
  "compression_ratios": [
    1.0,
    3.6072214883311315,
    3.6072214883311315,
    5.078735275883447,
    5.078735275883447,
    5.078735275883447,
    5.078735275883447,
    7.360287511230908,
    7.360287511230908,
    7.360287511230908,
    7.360287511230908,
    7.360287511230908
  ],
  "perplexities": [
    1.0,
    1.0013197660446167,
    1.000893473625183,
    1.0009323358535767,
    1.0010106563568115,
    1.0009124279022217,
    1.001146674156189,
    1.00169038772583,
    1.001067876815796,
    1.0011078119277954,
    1.0008875131607056,
    1.0010955333709717
  ],
  "quality_degradation": [
    0.0,
    0.13197660446166992,
    0.08934736251831055,
    0.09323358535766602,
    0.10106563568115234,
    0.09124279022216797,
    0.11466741561889648,
    0.1690387725830078,
    0.10678768157958984,
    0.11078119277954102,
    0.08875131607055664,
    0.10955333709716797
  ],
  "tokens_total": 8192,
  "sweet_spot": {
    "tau": 0.9,
    "compression_ratio": 7.360287511230908,
    "perplexity": 1.00169038772583,
    "perplexity_delta": 0.0016903877258300781,
    "quality_degradation_pct": 0.1690387725830078,
    "tokens_total": 8192,
    "tokens_kept": 1113
  },
  "cliff": null
}